rank,uid,best_score,avg_score,n_responses,n_validators,precision,recall,f1,annotation,best_validator_uid,hotkey
1,209,1.0000,0.6667,3,3,1.0000,1.0000,1.0000,1.0000,58,5E9N9FXeMJ7TjXkrcemPdtyU6qnx1E8rrAzrAPfHtN7qgGny
2,5,1.0000,0.3333,3,3,1.0000,1.0000,1.0000,1.0000,58,5FZcPpPQY8xYt6m3TCmPkJ3L5jSWQ7vHQob3sNnSchyzg5hh
3,15,1.0000,0.3333,3,3,1.0000,1.0000,1.0000,1.0000,58,5Cwd8B9cU2qz4RYXuLm1vibiosqx8yubF1XcovzSJn5NgxzX
4,219,1.0000,0.3333,3,3,1.0000,1.0000,1.0000,1.0000,154,5EqYpoaDPmjzduzeiUiC8FuKGa7cWj693o2E74gpC9VXB72e
5,177,0.7116,0.7116,3,3,0.8000,0.6667,0.7273,0.6667,58,5G4JjDQaWJktTBYXB646SLVRTUBYPNdyryYLvFPkoyNkYK6A
6,71,0.7000,0.7000,3,3,1.0000,1.0000,1.0000,0.0000,58,5EUVajgozmsegg27V57KejmPSGXuRXyma66SxZHM8Vjc1ZYS
7,68,0.6667,0.6667,3,3,0.6667,0.6667,0.6667,0.6667,58,5GVpHfbRG3WEovns8eyWBDjW1LgaFYz6qs8KfxdjRvqrUczu
8,37,0.6305,0.6305,3,3,0.7500,0.5000,0.6000,0.6667,58,5FUAHGusUwggFdRgAC79s3Rkz5CEinTCWQAjjFARQ6jgBYdD
9,200,0.4950,0.4950,3,3,0.5000,0.5000,0.5000,0.4833,58,5FXDgKE9SV9bnGuWyRPtc68mHLSTbeWYi3Nqh9DhJ8jWSY17
10,67,0.4667,0.2333,2,2,0.6667,0.6667,0.6667,0.0000,58,5Cky9xsYieqR3NpiTC3sqit4us2SdeD5t4v88fTnULo75Dcd
11,1,0.4667,0.2333,3,3,0.6667,0.6667,0.6667,0.0000,154,5H5zZKDtp47gZ9PnzBcQJyJHHFJFpsDaxMey269eqof6FPTp
12,253,0.4667,0.1556,3,3,0.6667,0.6667,0.6667,0.0000,58,5F6X5FhpQDTJFbBmAJLinVqz8fnhPF6Z8bUPoZxW6538Pbcd
13,43,0.4547,0.4547,3,3,0.4545,0.4167,0.4348,0.5000,58,5C59dHt3rMpACdSzxEhgfKUrS5bf3XvWzKhQHXtQXWNiqbAP
14,130,0.4547,0.4547,3,3,0.4545,0.4167,0.4348,0.5000,58,5HbT859cf1D1WkEcr8kiwP22VQgQ2k47eCR277zVF2Ameuuq
15,165,0.4547,0.4547,3,3,0.4545,0.4167,0.4348,0.5000,58,5CDAzfGiQ7wcNixpubggAYfudR3H81emtMic9bSMBPxrQSRH
16,181,0.4547,0.4547,3,3,0.4545,0.4167,0.4348,0.5000,58,5FRoAGGdUfpFFUAHEvZe6wQP3VsxpmKvJSyNaxipEdGpwV7q
17,183,0.4547,0.1516,3,3,0.4545,0.4167,0.4348,0.5000,154,5DfTmutD1ZSQpY8YScZ3B1CDiunv2wktWSSW7hX8uawJxAwf
18,220,0.3672,0.3672,3,3,0.3333,0.1667,0.2222,0.6667,58,5FhbSUAaBdTpj8kMUkSRTzSsqze3hXFZGdYEBEmZXWFDGPk5
19,78,0.3500,0.1556,3,3,0.5000,0.5000,0.5000,0.0000,58,5G9Patr3U2B3uD9EKMu8kYCMEHa1S29UnHDdz9rha2uorErw
20,100,0.3500,0.1556,3,3,0.5000,0.5000,0.5000,0.0000,154,5ChWGVARUgzce4zjESdyR5tybkqViEGETbhjZDdghbBZne88
21,199,0.3500,0.1556,3,3,0.5000,0.5000,0.5000,0.0000,58,5DnZbSXpp1yiyVPPUS3wgy1eFksKQBqZNib7XSCzDivYuC92
22,213,0.3500,0.1556,3,3,0.5000,0.5000,0.5000,0.0000,58,5EADM2qtW2cmAKSt2eR8MaRsop99GP9KXVyeyh9WpZJr7a5K
23,188,0.3375,0.3375,3,3,0.5556,0.4167,0.4762,0.0000,58,5EeRsPagJ9PtYVFi1rU1ysCcgb8gXiRvDXcTLXqvYBbtkYC7
24,227,0.3283,0.3283,3,3,0.3333,0.3333,0.3333,0.3167,58,5CQHDBkQxSbrkhfhoqAafxPsf1EzNhNpTztSRZBb6DddahQv
25,31,0.3047,0.3047,3,3,0.4545,0.4167,0.4348,0.0000,58,5DWkYpNBcLgrcA2VU2jg9deR2ELCUEgsJ6eK2HdAVtJttNPp
26,148,0.3047,0.3047,3,3,0.4545,0.4167,0.4348,0.0000,58,5GeRUxChSDRyFbQjswaVT2gSvyqk9SGB3uStdeupinukFgnz
27,247,0.3047,0.3047,3,3,0.4545,0.4167,0.4348,0.0000,58,5Cop6NsKaxLBCsQhQVPnMHpoeLz23Fvx4TKthJEC6XqfqTZF
28,138,0.2828,0.2828,3,3,0.2727,0.2500,0.2609,0.3333,58,5FLiSE8TPsG5jiujnet4HZZTHBDQ6VjTr3Y8uo7aA7VfBSa8
29,184,0.2828,0.2828,3,3,0.2727,0.2500,0.2609,0.3333,58,5CJrjjzWouD91ZnbNgHNCSs2cxqiTPMFktZ9kePzVW7D5bRE
30,198,0.2828,0.2828,3,3,0.2727,0.2500,0.2609,0.3333,58,5DEx3gdcDJtx6nx8KUBRMiZ1pt6dPbqZXmrTHW5KX5DqngFf
31,75,0.2828,0.1885,3,3,0.2727,0.2500,0.2609,0.3333,58,5EhdcbiNq8hDdimnAFDbNhesK9LpR6N4q3rdcFARdfrcDWFa
32,102,0.2333,0.1556,3,3,0.3333,0.3333,0.3333,0.0000,58,5FKeZNeY6eWDVFae7jE5r8aNLtc5YCQeRUQ1E8bSU1D98aPQ
33,133,0.2333,0.1556,3,3,0.3333,0.3333,0.3333,0.0000,58,5GuZfiEvJ8gKutjLEcwgNWGAMJdBDdJnZB3Avgf3zfn4XZVx
34,144,0.2333,0.1556,3,3,0.3333,0.3333,0.3333,0.0000,58,5EpiLRVHDFDXVkbnhPivu3c5eKe7L1oWP6QbNZ24RuWLCaeb
35,146,0.2333,0.1556,3,3,0.3333,0.3333,0.3333,0.0000,58,5H5oT7cpz3X6kudZQnagBYx3Vf6Kg1cfNhL5DMsMMd1Szgsy
36,161,0.2333,0.1556,3,3,0.3333,0.3333,0.3333,0.0000,58,5E4tc8pzDPVBvhZ4MA6Egr5hyEY2CqcTXetooNKp33H331Ju
37,205,0.2333,0.1556,3,3,0.3333,0.3333,0.3333,0.0000,58,5DfKJbazifZfNodjK9gFrkjtKXuh9MwZmmeoxMaHFKthWpVS
38,13,0.2333,0.1167,3,3,0.3333,0.3333,0.3333,0.0000,154,5D85MfdkxD3stbNjC8aaFRRwrkhNUBTZ9uDG6x3JAvzRFCDL
39,17,0.2333,0.1167,3,3,0.3333,0.3333,0.3333,0.0000,154,5Ft6Ebvc7NeXTcEbKMJ6UpMPbsygN36Zq96u7o8eem2AJdiH
40,54,0.2333,0.1167,3,3,0.3333,0.3333,0.3333,0.0000,58,5FGxHjfMD23CUTjoPiaKHQ2TMqrqQpGb4NmYhcHUkNPmid29
41,66,0.2333,0.1167,3,3,0.3333,0.3333,0.3333,0.0000,154,5EtRw1uL6YcPASnNz7bvu328LnfXPMn5vKa1wdCKxhyqemxK
42,69,0.2333,0.1167,3,3,0.3333,0.3333,0.3333,0.0000,58,5CMbd3W7QcVPAKnh1Sq2ius1x1PzjJJfScUxM7V1vUhm9TkP
43,77,0.2333,0.1167,3,3,0.3333,0.3333,0.3333,0.0000,58,5DAkWWweVJkBu2mKwpZs5WikL5YHh9PxBeRz2WLX1A8skkhN
44,207,0.2333,0.1167,3,3,0.3333,0.3333,0.3333,0.0000,154,5CesVge3xYnDXyiVNjTyb3gnoiZATRTAZkFGuiiPinhNM7rA
45,212,0.2333,0.1167,3,3,0.3333,0.3333,0.3333,0.0000,58,5H3j7uh9ApQ99FnqyPDsrfGLezvPsNAvKRgt8nJbEHGCJuqH
46,218,0.2333,0.1167,3,3,0.3333,0.3333,0.3333,0.0000,58,5HMjC8SJLLS7fx2nF4XdA4xhS9SDxgie2SqWvXyu9jRkKPiC
47,236,0.2333,0.1167,3,3,0.3333,0.3333,0.3333,0.0000,154,5FEYpbjazxmoL3t5vTk3VhoiGA7tRm12TAYvNq9XZibSdPfN
48,85,0.2333,0.0778,3,3,0.3333,0.3333,0.3333,0.0000,58,5D7cjiL12rWV5pWH9DDsDrvHudBPkoXwzLN2tokV9e2RvjDC
49,129,0.2333,0.0778,3,3,0.3333,0.3333,0.3333,0.0000,154,5FcAtqRSsqAPjYNJ7DKqrrP6or6mYX386YWrGkg2pzVyqs7W
50,134,0.2333,0.0778,3,3,0.3333,0.3333,0.3333,0.0000,154,5Eh8cFH7Vf2xXvWRBUHjSXsPNLJfPADo7MYGZtChA3BXaLMh
51,186,0.2333,0.0778,3,3,0.3333,0.3333,0.3333,0.0000,58,5DtZbm61LvSZSiauKt4KgXhhFPQF65tdqL2BBv8jAEFDVSLy
52,246,0.2333,0.0778,3,3,0.3333,0.3333,0.3333,0.0000,58,5GBTXjNWhNrgkzJMf8xiYwvx1ocXPmTHjLdJbPbeRQwerNh5
53,10,0.1828,0.1828,3,3,0.2727,0.2500,0.2609,0.0000,58,5FsDgeBuuTsszahH7tGx9aVhJoPdDHsWkJC5VnxefrtuHXkp
54,57,0.1828,0.1828,3,3,0.2727,0.2500,0.2609,0.0000,58,5DAYs8bVwrNG9LsG1qb2Vnv1PEXQQMY78MvozBx3T9LgFtJY
55,230,0.1828,0.1828,3,3,0.2727,0.2500,0.2609,0.0000,58,5CnziaBadcD5kVtSPMGqe4fMHHfkXeDweEtBWN3ry7C3RBiT
56,234,0.1828,0.1828,3,3,0.2727,0.2500,0.2609,0.0000,58,5HmANzFyNkfMyWbnwSsfAfFgRGgqWVN1Tc26ApXWZQ8gPdYW
57,94,0.1828,0.1219,3,3,0.2727,0.2500,0.2609,0.0000,119,5ETxsoQz1KpLMPWkuUiLgnvDzGGN5xypNPjm5cERSe15t7uz
58,153,0.1828,0.0609,3,3,0.2727,0.2500,0.2609,0.0000,154,5HZGmuB3HJSGQKGpFrSD9WwR65N2PsgK8d64k1pBTwg3KfS7
59,132,0.1672,0.1672,3,3,0.3333,0.1667,0.2222,0.0000,58,5GHYokoSCMBd3FjTSc6u1sRzJv9mDGj7jYma7F9zhsvUQ91r
60,93,0.1167,0.1167,3,3,0.1667,0.1667,0.1667,0.0000,58,5FqbdqM71CesJ7y2E5cAoRzaypWY9G3pejyxz3d2gkzjmv6u
61,139,0.1167,0.1167,3,3,0.1667,0.1667,0.1667,0.0000,58,5DCYNvXsGdMqEXTVa9kuw5jPiAz79xFwFyyiGShf4pFtvJJq
62,192,0.1167,0.1167,3,3,0.1667,0.1667,0.1667,0.0000,58,5GiwfpkPDnjT3HBgBcfR1SWHsQeZ9V18MA2faTwuTfY5GkMx
63,45,0.1167,0.0778,3,3,0.1667,0.1667,0.1667,0.0000,58,5EtV5puHzAaFW1ZjCY3BtadQCu4trsRpSQ6iYdDuTa7M3TCR
64,104,0.1167,0.0778,3,3,0.1667,0.1667,0.1667,0.0000,58,5FyMc5QKtjMt5KdSQPdNuFJnD1oifLoEvJbpuG7XQvQW56VN
65,107,0.1167,0.0778,3,3,0.1667,0.1667,0.1667,0.0000,58,5DAgDcFikWtsnW49h5U2t74RFoC9VXmTATpRdhvzoqxEv3Xi
66,180,0.1167,0.0778,3,3,0.1667,0.1667,0.1667,0.0000,58,5CVKQce8VEM2SBiw8pK8DMU4D2BCrR8QQWgnNv4i7yTaWQMW
67,185,0.1167,0.0778,3,3,0.1667,0.1667,0.1667,0.0000,58,5CPBtEUEky1HnYNs2FHhP1cnp2HV4NnheqCx4LdXCPkoK3rx
68,191,0.1167,0.0778,3,3,0.1667,0.1667,0.1667,0.0000,58,5Eh2phTAKXvrTLAZx64E2wj7KjxDwzf3YYsyYuP1MiLY3mLq
69,243,0.1167,0.0778,3,3,0.1667,0.1667,0.1667,0.0000,58,5DcHZg79M9d9bpHkGfCqRTi8tKTf2nAPxKMW5LKG9byVkKfi
70,0,0.1167,0.0389,3,3,0.1667,0.1667,0.1667,0.0000,58,5CHquMej7gCxbu44TxiixPHMK9xZghsieop2CT7KKn8eh9nw
71,46,0.1167,0.0389,3,3,0.1667,0.1667,0.1667,0.0000,154,5FUCdsEkwuqoHnwCt5H5k77b8YTAx33k3X2Tge9RsxkB4is8
72,56,0.1167,0.0389,3,3,0.1667,0.1667,0.1667,0.0000,58,5ETv8dBoLVKhQTmzDoKvB1u8dFyS8zuAYqr8QDT76sYwhjbb
73,60,0.1167,0.0389,3,3,0.1667,0.1667,0.1667,0.0000,58,5EXU9NTDHaQsCZ32B8R8SQpszq4qBjjFqgfjK2bPk9jWEh4m
74,125,0.1167,0.0389,3,3,0.1667,0.1667,0.1667,0.0000,58,5HQXf4rRFbcE19UgzSkbMLp2fJFXCRgBu19ToMVF1Z5mPnJt
75,27,0.1012,0.0506,2,2,0.1250,0.1667,0.1429,0.0000,154,5G18amvARiMgCD47koNDoAmz94DSSUp3eBQJn4Q1D4KvFk71
76,255,0.0675,0.0675,3,3,0.1111,0.0833,0.0952,0.0000,58,5EPQsRZtGohNdzGdLn1nRCiu7AwvzjfRyNNZEs3oRCEwXgfZ
77,2,0.0000,0.0000,2,2,0.0000,0.0000,0.0000,0.0000,58,5DPz76uobJLTfjaSiWkrBbsWktrLQ6s7kAHWm7Pb9B17zZRn
78,3,0.0000,0.0000,3,3,0.0000,0.0000,0.0000,0.0000,58,5CLufUuBRgm262Ko9A2wMsDGJTRxaB881LHmymf8SbbCJPc8
79,4,0.0000,0.0000,1,1,0.0000,0.0000,0.0000,0.0000,154,5H1C2XyyDSt1LxqmGHaEFyM8Ey4yWktrVA1HnxGEYkbYkVFT
80,6,0.0000,0.0000,2,2,0.0000,0.0000,0.0000,0.0000,58,5GYr5A4EsSqPz1w5m53YmjWKs7EmaAwcmagucy6crjnbVAe4
81,7,0.0000,0.0000,3,3,0.0000,0.0000,0.0000,0.0000,58,5EtWHqx1Q8HNtdNoaYK14iTUqFHajqvCmigUrJzfM1JRnQXM
82,11,0.0000,0.0000,2,2,0.0000,0.0000,0.0000,0.0000,58,5H13MCt6xsxmJ9j7wpspeKcUiXJr3SzkqiJ4JFYvrZhhFWrh
83,12,0.0000,0.0000,2,2,0.0000,0.0000,0.0000,0.0000,58,5HbMJAY53R5pFqJQFyrkhd87hcL4ypRAd691AmdQjFf6ND2M
84,14,0.0000,0.0000,2,2,0.0000,0.0000,0.0000,0.0000,58,5CvmQJDyag3Jcu2Zp4QGAYjXv6UuJPK4iW5PrNb6F5X2d5eD
85,16,0.0000,0.0000,3,3,0.0000,0.0000,0.0000,0.0000,58,5GFFQhB1PRt1MEcBccU25tjkqxG1cDK5bTsDywwKXRwJdtKt
86,18,0.0000,0.0000,2,2,0.0000,0.0000,0.0000,0.0000,58,5Hmd95agj38ektgBWJMwzgL1CojAZbi9tS35WrDG9RDeYwJB
87,19,0.0000,0.0000,3,3,0.0000,0.0000,0.0000,0.0000,58,5DArT6pWiTrGAqpqMStAUdez5BtE7cp4kaudqg2bX6AkdpmU
88,21,0.0000,0.0000,3,3,0.0000,0.0000,0.0000,0.0000,58,5DykafKUKBfboxbQq7DjsiiUPaeP7f9gQ5qMdt3HUUvqBaRc
89,22,0.0000,0.0000,2,2,0.0000,0.0000,0.0000,0.0000,58,5F1UFkKztWcQ7doz55ZN4RC3PvhY2iKeAEA8vFPCFs6DghKX
90,23,0.0000,0.0000,3,3,0.0000,0.0000,0.0000,0.0000,58,5FcKHp3Cr7K147QY1jiNq1bVBy5Jzh7S47r9tSgWPuB7hWes
91,24,0.0000,0.0000,2,2,0.0000,0.0000,0.0000,0.0000,58,5H3Gvcvf9kUwy7niE4fJe7BjaKEbaq79iJjUqFkNCb6GzPEA
92,26,0.0000,0.0000,2,2,0.0000,0.0000,0.0000,0.0000,58,5ELV5SJre6gky5YTRTioPVqVMFMmTw9JjUbGGzfNikARRNc6
93,30,0.0000,0.0000,3,3,0.0000,0.0000,0.0000,0.0000,58,5FRTkRUgaufLLCW82BDjYdc6rmDswcrCfVyr2A9PmphmZs1c
94,32,0.0000,0.0000,3,3,0.0000,0.0000,0.0000,0.0000,58,5H3K3YKSG9wL9zX5ma1C8Y9HThp1Ni27PFbshPcn9yLedpHQ
95,33,0.0000,0.0000,3,3,0.0000,0.0000,0.0000,0.0000,58,5DPaLNAeZCffDFBQcjU9sNc4MW6nD5kDX8Zi1CuEzmBSMTms
96,34,0.0000,0.0000,3,3,0.0000,0.0000,0.0000,0.0000,58,5GzbirLoi7Vwq6te6kVSmqBBGN8DTr9pyteAGmo4MyfN4UMV
97,35,0.0000,0.0000,2,2,0.0000,0.0000,0.0000,0.0000,58,5Epo4XJ1xQQPjKYmAWNnbgMM9ZMGj5Nk8BcnSYZpuMU2BYno
98,40,0.0000,0.0000,2,2,0.0000,0.0000,0.0000,0.0000,58,5ERDJxJnKXzA7sdNCxkKLh9BhoR3m8PpqB68qTCiY849eYta
99,41,0.0000,0.0000,3,3,0.0000,0.0000,0.0000,0.0000,58,5Gq77SLf31hXQUzEi6KiKy5uFJixWdTzKPf8niKthPvuVo6f
100,42,0.0000,0.0000,2,2,0.0000,0.0000,0.0000,0.0000,58,5E9SYXStzZXsxnFyohenBNxNWBYu6m9n22EPFLgiQHscarrF
101,44,0.0000,0.0000,3,3,0.0000,0.0000,0.0000,0.0000,58,5Fo33goisiDUj3Sp41MzDPy9zbgHc9fE82UE35L9Xhi3WGg6
102,48,0.0000,0.0000,2,2,0.0000,0.0000,0.0000,0.0000,58,5HH98UrpCcdNPinfTCT2Voroii1JqEnU5X356qN6mVqVbFe4
103,49,0.0000,0.0000,2,2,0.0000,0.0000,0.0000,0.0000,58,5DaLyn2pjQr1L8u2GfZ2nwaFxMG2mRPRSScLpzvh35UGjw17
104,50,0.0000,0.0000,2,2,0.0000,0.0000,0.0000,0.0000,58,5GHaRf6bMeQMYvDXSqf5w8nvTv6dcyVmS4moLpZ3csy8CPWd
105,51,0.0000,0.0000,2,2,0.0000,0.0000,0.0000,0.0000,58,5Cd7V3tzn39aBth42gKb5KxaTJhsBs3NQLVyaUFr5edcUa9y
106,52,0.0000,0.0000,3,3,0.0000,0.0000,0.0000,0.0000,58,5HdncsWFJNDeHYkKjZbXRPPfTiYWxEbfQbXc2esAdcc3XYnC
107,53,0.0000,0.0000,3,3,0.0000,0.0000,0.0000,0.0000,58,5F1x3T2aSCdJ9JcnbzwzN1UD7vByJ7w9cneDh4gcqkGePwKU
108,55,0.0000,0.0000,2,2,0.0000,0.0000,0.0000,0.0000,58,5DFxW5GueTH8Yxz7LrvRRgYNsQkTgCvggeZqLrHWYd5CRaDw
109,59,0.0000,0.0000,3,3,0.0000,0.0000,0.0000,0.0000,58,5EXUjdNzv6A1EfLcxTvbZu4CTgorAdWnyX9kDgFi9G6hwY3P
110,61,0.0000,0.0000,3,3,0.0000,0.0000,0.0000,0.0000,58,5EjmTp2gDHLCcYfT8HwkWWYQNxbwAymnFnf58DMM7uefuE5C
111,62,0.0000,0.0000,2,2,0.0000,0.0000,0.0000,0.0000,58,5DfJqwHpo7HCRLnaRB59XftPEBMVP6xfCFVS1qKj7v7VAuc9
112,63,0.0000,0.0000,3,3,0.0000,0.0000,0.0000,0.0000,58,5F7b6juC8xkK7HGfLdgjtnCAdKsx4FCotuageVjD62giDjUE
113,64,0.0000,0.0000,3,3,0.0000,0.0000,0.0000,0.0000,58,5GP24Kq1FPePJ2nKtxpeNWCfABnFtRjMb4qnLsGgLvhznep8
114,70,0.0000,0.0000,3,3,0.0000,0.0000,0.0000,0.0000,58,5CAm63EK3DVKJWERq8F8LdgRjxRrGJmjhcde6aDzFNXxBooh
115,72,0.0000,0.0000,2,2,0.0000,0.0000,0.0000,0.0000,58,5GMvfr7U8AYavGyXR7AkLsNZ7cZA5Z816jf4yfDBF5i6jMPp
116,74,0.0000,0.0000,3,3,0.0000,0.0000,0.0000,0.0000,58,5G6iXjLk6HX1pKQUthpWn5jHmtKtDDDaGywF1LVXZChLhXMM
117,76,0.0000,0.0000,2,2,0.0000,0.0000,0.0000,0.0000,58,5EUL3AjwA71sUy3CpEmn3sbHhT1hEBS1tRPfFav1XpMGb9tR
118,79,0.0000,0.0000,2,2,0.0000,0.0000,0.0000,0.0000,58,5DFP5QD18FSLNd3QqZBuMQBBCmZR67rH5CY1ExCuTC9HY2sh
119,80,0.0000,0.0000,3,3,0.0000,0.0000,0.0000,0.0000,58,5Ecnacvu27T646Vv9aVmzwSk6eCzFArszD5WDaJ6dWfmtfsg
120,81,0.0000,0.0000,2,2,0.0000,0.0000,0.0000,0.0000,58,5HSvkcrhgDweTHWxYymvre6Br47WjZ5cKfabpkKwEPZjTKGh
121,82,0.0000,0.0000,3,3,0.0000,0.0000,0.0000,0.0000,58,5DRfYVKosoGopyYREjeHvSZShKJYZFvKzgext5SRM9WhcW9d
122,83,0.0000,0.0000,3,3,0.0000,0.0000,0.0000,0.0000,58,5FKenag6D6JPHX2jkYbD11xvHkzQKX9bTufZSZZTZJPZNNo9
123,84,0.0000,0.0000,3,3,0.0000,0.0000,0.0000,0.0000,58,5DqYrRh7LP5XscZMEHcA1GSuXqwDjVCLZUNspdR8gFa6oMpj
124,86,0.0000,0.0000,3,3,0.0000,0.0000,0.0000,0.0000,58,5H6SdTu8Td2Z8apeT9S8f5mFyASZ4CJdXM7Tb8Zd8TGuvWWZ
125,87,0.0000,0.0000,2,2,0.0000,0.0000,0.0000,0.0000,58,5F9oetUL5MbqCRfvDrzSQurCRgFZ1m9fPCVPRiecbRDdamNg
126,88,0.0000,0.0000,3,3,0.0000,0.0000,0.0000,0.0000,58,5CXg9pNQEE2LRTMw9V1T84J5Jmm8Aij5tc7xaQjDp4Ff5Qgg
127,89,0.0000,0.0000,3,3,0.0000,0.0000,0.0000,0.0000,58,5CkiKvHpRtd4bDtKdWhZzkvCcXDcFzRm7r1YRQfRfc52N8ix
128,90,0.0000,0.0000,3,3,0.0000,0.0000,0.0000,0.0000,58,5Ebj92j8MUNQg6QEhu3CaS7vJLqjFva9PcnkWM4iACqr1e9m
129,91,0.0000,0.0000,2,2,0.0000,0.0000,0.0000,0.0000,58,5Dcb9fs8xXmYxqW33mvWxoTAGrWxMp8b9SR8Wqn6518vmEJK
130,95,0.0000,0.0000,2,2,0.0000,0.0000,0.0000,0.0000,58,5C7dtsnYt1oMAHtdkNpHsdLYsuoT97L1yhbG9dBxSTfEkmnZ
131,96,0.0000,0.0000,2,2,0.0000,0.0000,0.0000,0.0000,58,5F76rX4t7RSkL49S3dPfGNN6EocnZLkcHSh84vnSMjH7bNMs
132,98,0.0000,0.0000,3,3,0.0000,0.0000,0.0000,0.0000,58,5GCMK3YATCMhmMZb4ixH3QM2RhAxvaDAKuKCRGwCfZZJR6RQ
133,101,0.0000,0.0000,2,2,0.0000,0.0000,0.0000,0.0000,58,5CM3Wm6rnyBaAwtVUiRA63hu8smJ9JT1z1NeQYYitNBPHaPw
134,103,0.0000,0.0000,2,2,0.0000,0.0000,0.0000,0.0000,58,5FYgf4fUQqknEHTkBwXjVXeHEedendg7i2PpTVkhBzWp7m5t
135,105,0.0000,0.0000,2,2,0.0000,0.0000,0.0000,0.0000,58,5FRq6StaTvmGfUJzCBHkftLGchraQRNkzYoAmSEKieTXrx7M
136,106,0.0000,0.0000,2,2,0.0000,0.0000,0.0000,0.0000,58,5Copgk8UyNJCzkdkN7QNvu7Qm42sW7tXG1NVd83v7sUpZJR4
137,108,0.0000,0.0000,2,2,0.0000,0.0000,0.0000,0.0000,58,5CaALhMjgrr6SeCa9ofmWqryxomin3znKCvH7V39x7i6HA1K
138,109,0.0000,0.0000,2,2,0.0000,0.0000,0.0000,0.0000,58,5FjicMqhvRezfKE2UwMZ9yFkCMCHTt7pRbEaQgFjk3oXs1LV
139,110,0.0000,0.0000,2,2,0.0000,0.0000,0.0000,0.0000,58,5FKbbWbsEsmMBJ28aWs42ohKcUTRLvB9zJbTXstrTM4nrcQy
140,111,0.0000,0.0000,3,3,0.0000,0.0000,0.0000,0.0000,58,5GwwFthiivpPTenw2QmqcToZJVEbHYHr4hQvio5qR7jDFTXk
141,112,0.0000,0.0000,2,2,0.0000,0.0000,0.0000,0.0000,58,5E53Sbd9A7f2NvxfQqpXC6127tFtPpeqG62SpbS9kMJSYzJk
142,113,0.0000,0.0000,2,2,0.0000,0.0000,0.0000,0.0000,58,5H4RS7k2rMqQNpsHETosJcPxgDQkS3r2MKzxdwnNzEQ6YqSV
143,114,0.0000,0.0000,3,3,0.0000,0.0000,0.0000,0.0000,58,5DsvcRY4KShJwTrrJHC8dvaUXUnp3XvsCVALcfD58PTuZR1T
144,115,0.0000,0.0000,3,3,0.0000,0.0000,0.0000,0.0000,58,5Gub8Q56UhixcCnUy54X7W6FfiU75QGwig3HDRutReEPZdkU
145,116,0.0000,0.0000,3,3,0.0000,0.0000,0.0000,0.0000,58,5G6gZ3d2RDEyV23kSHgzs4Se4ptMUGuqqUmsHU8QTe4oA86g
146,117,0.0000,0.0000,3,3,0.0000,0.0000,0.0000,0.0000,58,5Dm39jpaUNgJsFFGSxhxyuL15RZ7A8ubBk8fCsHEujidy1kC
147,118,0.0000,0.0000,3,3,0.0000,0.0000,0.0000,0.0000,58,5FRDo3K2uwoyhAHx72bumYv7FL56P5qTTexgT8A7gesSoTuh
148,120,0.0000,0.0000,3,3,0.0000,0.0000,0.0000,0.0000,58,5D7nZrbxjY9cyKJnqTAQ4TXCdGGqQYHzqN6ktDsnGVzGsJor
149,121,0.0000,0.0000,2,2,0.0000,0.0000,0.0000,0.0000,58,5G4kF7C9h3CnZqRJPtGWnsp1bYVjWzkjM1G6YCcXV7dLjoEq
150,122,0.0000,0.0000,2,2,0.0000,0.0000,0.0000,0.0000,58,5FLb8M61hT7YZ8YowE3BKnHosPBkYUQALP77wtAx8g1Vwu52
151,123,0.0000,0.0000,2,2,0.0000,0.0000,0.0000,0.0000,58,5Fn9JfF8SUw31TVznoXmpgJ72SJFMFi2gP4QCpViub62iP9Q
152,124,0.0000,0.0000,3,3,0.0000,0.0000,0.0000,0.0000,58,5F4R25t78FSFLDjhwdUev63aVvPTEYFZbPQbzL7TNtMh6ahy
153,126,0.0000,0.0000,2,2,0.0000,0.0000,0.0000,0.0000,58,5C5pYYRG4k7MfMQAbFJ5mF3bMDhk8oNXiYeb45LFhL8YN45M
154,127,0.0000,0.0000,2,2,0.0000,0.0000,0.0000,0.0000,58,5DcAXtw3yzrF2mmsQbZj8opW5s3G1peSu8ioCCtEchdzUSVQ
155,128,0.0000,0.0000,2,2,0.0000,0.0000,0.0000,0.0000,58,5ExqwuDmSzXum3BM7EKNUBav5Jnh7pbEvajbFaistfM51gFJ
156,131,0.0000,0.0000,2,2,0.0000,0.0000,0.0000,0.0000,58,5CyuokeKECUei6Ved8aZcKryd4cjqB3BSicbFtRdEBooNGdC
157,135,0.0000,0.0000,2,2,0.0000,0.0000,0.0000,0.0000,58,5G1XoWSto3tjYpz74rJ4we8iJmWT19TmdeZG3dT2YWTWE84w
158,136,0.0000,0.0000,3,3,0.0000,0.0000,0.0000,0.0000,58,5HC11rJFFrq6Uj9ZPDrPGeQ8hr9zGAgS99dDHRPfi6U4A59F
159,137,0.0000,0.0000,2,2,0.0000,0.0000,0.0000,0.0000,58,5DZXSLJTVyvPMZnnuFk7g4emNQp1pkrhYHxYVSkEzn3kFUX3
160,140,0.0000,0.0000,3,3,0.0000,0.0000,0.0000,0.0000,58,5DqNDdeuDZ6YjhmdbtALrKF7BqrdqfW9bXwQujDEQECxWYSj
161,141,0.0000,0.0000,3,3,0.0000,0.0000,0.0000,0.0000,58,5DqhD6G3RpL8W7EdoLZon1QrVvVoB38tWbL4ELS5V1WRZjYZ
162,143,0.0000,0.0000,3,3,0.0000,0.0000,0.0000,0.0000,58,5FparLPgQtkBqhck2STD2NMnC9Bg3YF1XuTDHcgXScREMf1u
163,145,0.0000,0.0000,3,3,0.0000,0.0000,0.0000,0.0000,58,5CFZUYQJKumVyXQg1o3pn5SxrTYTzEZBpef7HD5H9WSAUbdY
164,147,0.0000,0.0000,2,2,0.0000,0.0000,0.0000,0.0000,58,5FqXZ7NSGB599S3HZVRpE4mgud9SYW2x5Yqd6Mf9c6iHSUrm
165,149,0.0000,0.0000,3,3,0.0000,0.0000,0.0000,0.0000,58,5CBChUJzFS3QvNer48YdcTE8hrxcynAYTN6R26yy7aa1kQei
166,150,0.0000,0.0000,3,3,0.0000,0.0000,0.0000,0.0000,58,5Dvgq9ng4SN5UTPtWWJuEAoYqqoqLHPToiNaCLo7YJhpNNmS
167,151,0.0000,0.0000,2,2,0.0000,0.0000,0.0000,0.0000,58,5FCbW9TYyobw4vkj6eGnRvkFw93DoyY5R359o4kGgWuh4uT1
168,152,0.0000,0.0000,2,2,0.0000,0.0000,0.0000,0.0000,58,5CDi2xpaC4HX6W6WsLqZzXYBYkKixkohZm2aRyHxWxabuyNS
169,157,0.0000,0.0000,3,3,0.0000,0.0000,0.0000,0.0000,58,5CAc1qL34W4F3xn7bTPBA9U9gRjTjH5niePWiUvzEeHm3gLi
170,158,0.0000,0.0000,2,2,0.0000,0.0000,0.0000,0.0000,58,5GGqAw6arc2Nh8NDoRkUNeWmDsgepv84Sc4J3u7kKAQTWWLk
171,159,0.0000,0.0000,2,2,0.0000,0.0000,0.0000,0.0000,58,5EbpxBkVKVNVbQAhEe76rAN9zbP6rE2coLrVkq42oJTLX7za
172,160,0.0000,0.0000,3,3,0.0000,0.0000,0.0000,0.0000,58,5EJ52MehxtQK4pdziEW3LoVGDtw4K6LpAak4w9BnEw5P1vnF
173,163,0.0000,0.0000,3,3,0.0000,0.0000,0.0000,0.0000,58,5FsMUKfgS8wResuA3KhMEsDmQMG7qnnu2anZ8T5w3Hx5VQf5
174,164,0.0000,0.0000,3,3,0.0000,0.0000,0.0000,0.0000,58,5EXM4FgBHeHeBAaT16qK1sKt39uirJibiAp9Do24Z1FUC7Xf
175,166,0.0000,0.0000,3,3,0.0000,0.0000,0.0000,0.0000,58,5Ece8LrGVUmwRYTihSjPaGQrkmfUMCizHWC6GWzpY99krKGW
176,167,0.0000,0.0000,3,3,0.0000,0.0000,0.0000,0.0000,58,5H1ngmLJiAWdD1kz9FxPZv4oTzPBSgzvHgyBUqncMC83VyRA
177,168,0.0000,0.0000,2,2,0.0000,0.0000,0.0000,0.0000,58,5DZZJpAEBwtSRhdsQYFQvXoCHBBDmbTQfabJo3e64v1UUmXb
178,169,0.0000,0.0000,2,2,0.0000,0.0000,0.0000,0.0000,58,5EAKFSn32agKAXWrerT4MBkabDjGMfP3JdTKN9BzxcRu3oqU
179,170,0.0000,0.0000,3,3,0.0000,0.0000,0.0000,0.0000,58,5DV4E4VM6zamPp7A6ky83q5HFYP794zqVtDx4A4wkuYyeBaH
180,171,0.0000,0.0000,3,3,0.0000,0.0000,0.0000,0.0000,58,5GxXRR6DV3Yz9pBhtT5hALofxeFZyoTX5SASFTMXSK6v4hsc
181,172,0.0000,0.0000,2,2,0.0000,0.0000,0.0000,0.0000,58,5FEa2cHAQg1qhoUxAdorRQwhbPtVfZc2bei8n3UQatC6vHtw
182,173,0.0000,0.0000,3,3,0.0000,0.0000,0.0000,0.0000,58,5CB6Uqg5uWfGo2xGdNbs5Gg6668LuxTWjeKbv6ZTmJkWK8PQ
183,175,0.0000,0.0000,2,2,0.0000,0.0000,0.0000,0.0000,58,5GCE1zjoCF8fma3iQ5Xe8k2fPb4gVGHgvSTiGE38YpXNDVWi
184,176,0.0000,0.0000,3,3,0.0000,0.0000,0.0000,0.0000,58,5HQtskmUKv4ZjpKgSM7VPmwQvKzDssBPezWXomziDexiScdA
185,178,0.0000,0.0000,3,3,0.0000,0.0000,0.0000,0.0000,58,5GgayTaLGzDD5W89AFYviNVBRSUc7aK3JZgyBJ1GR4DjYky7
186,179,0.0000,0.0000,2,2,0.0000,0.0000,0.0000,0.0000,58,5FvZJeEJVFizQTYfxDLbSWvJuAfUwe8oLdkYCv4R7MUi9R3r
187,182,0.0000,0.0000,3,3,0.0000,0.0000,0.0000,0.0000,58,5CLW1WYjcWhAwP619mGxwS6SK5Ls36TumoNELQ2jPsjmQYPe
188,189,0.0000,0.0000,2,2,0.0000,0.0000,0.0000,0.0000,58,5G6rpRdo6q9RdXNsvDApptuNbFiDe34haMAcRuAcX5wh2s1K
189,193,0.0000,0.0000,3,3,0.0000,0.0000,0.0000,0.0000,58,5HQ9zhvMNkjm774nvPzv3cr37iASqiHg5V6SWNnvJMcZ9pnu
190,194,0.0000,0.0000,3,3,0.0000,0.0000,0.0000,0.0000,58,5HKNLvWBsQLBKTd62mm41NcGj9B4Qoq8yDfFCoe6vuzm2bgZ
191,195,0.0000,0.0000,2,2,0.0000,0.0000,0.0000,0.0000,58,5FvXG54pkGqGwNWzePCCQLDxs8E8Le3iLUPXe9fgUsQZChdB
192,196,0.0000,0.0000,3,3,0.0000,0.0000,0.0000,0.0000,58,5GdnHUpSrSPy8ZFHWVNahqiGTGiph5U92ovKJm1NWNPipshx
193,201,0.0000,0.0000,3,3,0.0000,0.0000,0.0000,0.0000,58,5FjuC74QU77mNywgxVJ6Zh4DTmLSXq5qA13TDwYyVivQn7j8
194,202,0.0000,0.0000,2,2,0.0000,0.0000,0.0000,0.0000,58,5G9AM7gzsrAdSFACi51s4LD9Ac6VEpM5KyC67hDTFwnj8Vdd
195,203,0.0000,0.0000,3,3,0.0000,0.0000,0.0000,0.0000,58,5DUwCYURTMQejVkti5kfiwEDf8XqQkweKwddrkPCR3dJEff1
196,206,0.0000,0.0000,3,3,0.0000,0.0000,0.0000,0.0000,58,5DXaE3LTyRsAqYWx3pVBi6WYGQbLTXCCB11YJhKB4HjUmZdj
197,208,0.0000,0.0000,2,2,0.0000,0.0000,0.0000,0.0000,58,5HgMwEvQ6h1rJf7Y89tnVSoVtLkJipmakSpDgSHvrVpHtogV
198,214,0.0000,0.0000,2,2,0.0000,0.0000,0.0000,0.0000,58,5FQp3jpEEqwa4wrdk81dd8ii1LLg7wE8bP3BdHtdUN6ibaLx
199,216,0.0000,0.0000,2,2,0.0000,0.0000,0.0000,0.0000,58,5FqfEPFi937maZ9JvxVKF3GZTqPtwihayWsMzgwZeJahYuwA
200,221,0.0000,0.0000,2,2,0.0000,0.0000,0.0000,0.0000,58,5Gc2Lox2bQpovPXDnGjnFhHy4X5vSVgZTPR5pcrWGx5XE8xp
201,222,0.0000,0.0000,3,3,0.0000,0.0000,0.0000,0.0000,58,5FJ2hRdxR8A2Scw4HW7mGdQooVW5hBPY2GM4MmaVrn8gdzTF
202,224,0.0000,0.0000,2,2,0.0000,0.0000,0.0000,0.0000,58,5GpR9xWyPSjAjZrjePXgu3m4SkPfUnuHueho3PsjNqxc8imm
203,226,0.0000,0.0000,3,3,0.0000,0.0000,0.0000,0.0000,58,5CrZpGTmFRrPhNf1eeD97kpLGGMCQEPrZfzD93hwBgnX8Vtg
204,228,0.0000,0.0000,3,3,0.0000,0.0000,0.0000,0.0000,58,5DeqSGerFwtDSHou9sdNMiHJGWcKqquyeKnPYSeU2pM3yXbT
205,229,0.0000,0.0000,3,3,0.0000,0.0000,0.0000,0.0000,58,5FFL3n2RgCdjfnTxiRzmb4vSRk2rur8MXfSk4KqqL4PM2CA9
206,231,0.0000,0.0000,2,2,0.0000,0.0000,0.0000,0.0000,58,5F7EmEtR9GaSgbNGCP9LRWKG4NTcGbmHiGwicm4Gvvr1rUsB
207,232,0.0000,0.0000,3,3,0.0000,0.0000,0.0000,0.0000,58,5E2CxZPkxUMyeVy5BAU2NJSUN2gGPbXs9WFip9BdoagccdTR
208,233,0.0000,0.0000,3,3,0.0000,0.0000,0.0000,0.0000,58,5CStHEehQ3nuCBHd2a9cfZjJFJ4b4Y27qfUbf3MJhW1zKQrU
209,235,0.0000,0.0000,3,3,0.0000,0.0000,0.0000,0.0000,58,5CdDJwZubae985aZeFN3hjLQ3bMfgDY1KaFNLEmHF6GYXT9T
210,237,0.0000,0.0000,3,3,0.0000,0.0000,0.0000,0.0000,58,5CLhAQ9j2N2ga4mog7Dvanu1FghjXU7AMYBjqZszQYNBH86f
211,238,0.0000,0.0000,2,2,0.0000,0.0000,0.0000,0.0000,58,5HH9vxFsEfboJMfihejxg5BnKqYh8VGC4uXmz7EYugFb7eVE
212,239,0.0000,0.0000,2,2,0.0000,0.0000,0.0000,0.0000,58,5DFZGwSpsAW11r2TzZ7f43Kfk9GWVeeAwTyVyPF7k2KjKdSb
213,240,0.0000,0.0000,2,2,0.0000,0.0000,0.0000,0.0000,58,5H3g474dyh5C3gJ1uynUxi4kgNr6iZMya2ku6eXzFRMX9Acp
214,241,0.0000,0.0000,3,3,0.0000,0.0000,0.0000,0.0000,58,5EtAwKHjT2rPsDaRSYqqXm5wRWJZikVgNELQuDjejZQ5GacG
215,244,0.0000,0.0000,3,3,0.0000,0.0000,0.0000,0.0000,58,5HTWpcCpn9sMJhs3i9Kq8ReYm38zfBvG4FEe6ncxepoehHuN
216,245,0.0000,0.0000,2,2,0.0000,0.0000,0.0000,0.0000,58,5GYynSYNQwBZ3bPpRHztGWvWnBdgDuffmV6PcMzJumMZqy51
217,248,0.0000,0.0000,3,3,0.0000,0.0000,0.0000,0.0000,58,5DPpX1AUNzaxsTu6HLoXVoUTk6Qc55fXBSGSU2BHBYG4NMPW
218,249,0.0000,0.0000,3,3,0.0000,0.0000,0.0000,0.0000,58,5HjbMkKFGaxch6Ar5zGMa9jSDnjvaMmXsr931QVP3dkEHX9r
219,250,0.0000,0.0000,3,3,0.0000,0.0000,0.0000,0.0000,58,5HW8nWdS52Dv91pHXFaH1EY9gZ8Zq5UHCcj67fuSUkdYYNaF
220,251,0.0000,0.0000,2,2,0.0000,0.0000,0.0000,0.0000,58,5GCHhvH4AGzHHcRxnSZwpW72nsrHzwGxt8Cgqrekp28ihAYE
221,252,0.0000,0.0000,3,3,0.0000,0.0000,0.0000,0.0000,58,5HKdp34rAa6Dm6ijE2m254SRfQt9cvia89Mb9pue6J9dqDDi
222,254,0.0000,0.0000,3,3,0.0000,0.0000,0.0000,0.0000,58,5FxWsxjhXHUdb8HYv5TEKVFgmiLfdDmrnesVVv4Sr4BDUccs
